United States,46301,2.52284
Italy,25204,2.90767
United Kingdom,19410,3.15263
Germany,17760,2.9967
China,16837,3.21135
France,16837,3.21135
Spain,15950,2.70089